{
    "enemies": [
        {
            "enemyType": 0,
            "position": {
                "x": 7.880000114440918,
                "y": -3.380000114440918
            }
        }
    ],
    "obstacles": [
        {
            "obstacleType": 0,
            "position": {
                "x": 7.868000030517578,
                "y": -4.559999942779541
            }
        },
        {
            "obstacleType": 0,
            "position": {
                "x": 7.869999885559082,
                "y": -5.659999847412109
            }
        },
        {
            "obstacleType": 0,
            "position": {
                "x": 7.869999885559082,
                "y": -6.75
            }
        }
    ]
}